User,Weight,Height,BMI
ID_1,68,170,23.529411764705884
ID_2,83,180,25.61728395061728
ID_3,112,165,41.13865932047751
ID_4,44,143,21.516944593867674
ID_5,99,154,41.74397031539889
